Sales Engineer,GLOBAL TECHMART,"Delhi, Delhi","₹2,50,000 - ₹3,00,000 a year",https://www.indeed.com/pagead/clk?mo=r&ad=-6NYlbfkN0Aq1m5HGwcFV4qRqVZkAvnLDxvh0ZeTNU9kKheqk0V9jDv65il8Ix0vQJ6Vlb9Vxg8GvEqtxnq5U6zskPXzTOHw-N0licNgGbo_af4xDSklT7E0eoG5P5g_atk78h8BsJoPjVHe_3FQGwh9n6tfxU8BcHRDg3WgFN-IcJLO29bMA-5G9t_BFawMzl2eLamRSS4OzEQwrDgZdmnUAEopE3n7qQIxbTXpRxtITKRYu71vAH3kQ9-vAPAQRj7wcQwTcNxa9vYQlquc8Y5XWviP4tHWSZ1PZh6CdZ-Sy_wR-oVkgxpqBWvmu1XIkgfHuffIwiTJxsAMwec__N5wMYiYOu8hpl1ExNLRi4KfMK0eodJXYnhVQpjHOPUUJPiDLoDI6puGVDQzqvaONSsoTpbeXJ_brO1PPhU3eBItKPj4LKXpaJbs--VaOIWI&p=0&fvj=1&vjs=3
Require Mechanical Engineer for Industrial Valves/Compressor...,Pushkarna Sales Pvt Ltd,"Chawri Bazar, Delhi","₹20,000 - ₹35,000 a month",https://www.indeed.com/pagead/clk?mo=r&ad=-6NYlbfkN0CYZ2n8brds0sGTCIMqcEilYTYiR0icf1SKkgW9cRjyTDRdyMiy5ovt-oML4vegi1pbUjV6J9wGydPHN9M4o_SOARPPuEe19xIDJYcO10VcGhynI6mXT-oWtws3tsOJwFhcyPUL-5J38WfUBw7tGIlhsmix4Mq1ytnHBmgcNZAY2vw3KDJSjlYcB3fLSqdNXHw2A1wsvzLx7tPVMov-7KN064zpvJO1MCK6UJMA91DLq4rdR7JtkVCmaopLhkUAPM_G55_djkw-QIjACECZTQ-sVByqPsRdqkUp7CuD7syQUiMg1v5Bb7CmpgzbbnMrXnqFvqdjwocAo_28NzSCByMr23RQi5gfqqZK-8UaPAn2o4IzwOq450D7fEoQ_YLZoHoVCEImJif99YyqU2UuzELdUVAcW8VrQcDM1L9wiaO_E1QX_42CLoETrX60ePGAsWJd4wJKFcg1yPJqTrWAo5Wt&p=1&fvj=1&vjs=3
Graduate Engineer Trainee (GET),Astrotech Equipments Pvt Ltd,"New Delhi, Delhi","₹3,60,000 - ₹5,00,000 a year",https://www.indeed.com/company/Astrotech-Equipments-Pvt-Ltd/jobs/Graduate-Engineer-Trainee-b08a0de7ca24325e?fccid=e1476b91e057d215&vjs=3
Bridge Structural Inspection Engineer,Matrix Geo Solutions Pvt Ltd.,"Dwarka, Delhi, Delhi","₹15,000 - ₹20,000 a month",https://www.indeed.com/company/Matrix-Geo-Solutions-Pvt-Ltd./jobs/Bridge-Structural-Inspection-Engineer-e1505dbeef5ce974?fccid=ab4d723334805764&vjs=3
Engineer R&D,ROHDE & SCHWARZ GmbH & Co. KG,"New Delhi, Delhi",,https://www.indeed.com/rc/clk?jk=0cefc757972df8e8&fccid=b5c03f369c8d2b82&vjs=3
Assistant System Engineer,Primordial Centre of Excellence,"Delhi, Delhi","₹30,000 - ₹35,000 a month",https://www.indeed.com/company/Primordial-Centre-of-Excellence/jobs/Assistant-System-Engineer-78af36e0555d0972?fccid=a303a0a2b34a3662&vjs=3
Civil Engineer,Garg Builders,"Pitampura, Delhi","₹15,000 - ₹40,000 a month",https://www.indeed.com/company/Garg-Builders/jobs/Civil-Engineer-cf63b94f444d16ce?fccid=bd5aa54d47ac3393&vjs=3
Process Engineer,Suman Syndets,"New Delhi, Delhi",,https://www.indeed.com/rc/clk?jk=7fbfa2b233234916&fccid=1c5d33228298759d&vjs=3
Executive Engineer,Ministry of Water Resources,"New Delhi, Delhi","₹67,700 - ₹2,08,700 a year",https://www.indeed.com/rc/clk?jk=e22e26b9f9688f9a&fccid=7d61a1eba77322fd&vjs=3
Chemical Engineer,Swiss cosmatics company,"New Delhi, Delhi","₹3,00,000 - ₹4,00,000 a year",https://www.indeed.com/company/Swiss-cosmatics-company/jobs/Chemical-Engineer-3da068678f6cbdf7?fccid=616fbff0c03abac4&vjs=3
Third Party Inspection Engineer,Indraprastha Gas Limited,"Delhi, Delhi","₹2,30,000 - ₹2,50,000 a year",https://www.indeed.com/company/Indraprastha-Gas-Limited/jobs/Third-Party-Inspection-Engineer-6e4db6eee42aba2f?fccid=e68839a0ce036a4e&vjs=3
Electrical & Electronics Engineer,Emami Agrotech Limited,"Delhi, Delhi","₹15,000 - ₹35,000 a month",https://www.indeed.com/company/Emami-Agrotech-Limited/jobs/Electrical-Electronic-Engineer-62e664c99b55e289?fccid=fc1e08f0cf7789e7&vjs=3
Require Mechanical Engineer for Industrial Valves/Compressor...,Pushkarna Sales Pvt Ltd,"Chawri Bazar, Delhi","₹20,000 - ₹35,000 a month",https://www.indeed.com/pagead/clk?mo=r&ad=-6NYlbfkN0CYZ2n8brds0sGTCIMqcEilYTYiR0icf1SKkgW9cRjyTDRdyMiy5ovt-oML4vegi1pbUjV6J9wGydPHN9M4o_SOARPPuEe19xIDJYcO10VcGhynI6mXT-oWtws3tsOJwFhcyPUL-5J38WfUBw7tGIlhsmix4Mq1ytnHBmgcNZAY2vw3KDJSjlYcrKiZUOzkTbEJ7WmYF0fP4miC6eXzBYBemigZf0LZs7JHBIx8oi35BOa6zzO-QFI01vwewitQ0wDfig1osTPCV8xZaV77Yi19cB-SXSO8AfbiQdCWCZr4qzFWvqrxgXy0_gsUUEekkOhPSXwxE1Sb84523hKupLm3bSk0lECoOAl3k7hsJ2DiD924EldXad1y3rVIGKsE4rcesQJ6hvpJ1AA7I2gHg0X708n5BMCMjtdrAHnf3mR_Rbq930u1gopChVDew-TAk8lM6n4gjIXNcEZL_mTSd_s7&p=0&fvj=1&vjs=3
Require Mechanical Engineer for Industrial Valves/Compressor...,Pushkarna Sales Pvt Ltd,"Chawri Bazar, Delhi","₹20,000 - ₹35,000 a month",https://www.indeed.com/company/Pushkarna-Sales-Pvt-Ltd/jobs/Require-Mechanical-Engineer-Industrial-Valve-Compressor-cfbd8c298aa317b1?fccid=cfd3c7f645c1ee15&vjs=3
Estimation Engineer,renu robin Design,"Delhi, Delhi","₹5,00,000 - ₹7,00,000 a year",https://www.indeed.com/company/renu-robin-Design/jobs/Estimation-Engineer-7b1bd5787481c343?fccid=4508c135087bd64c&vjs=3
Desktop Support Engineer,Ehard Techworks & Services,"Delhi, Delhi",,https://www.indeed.com/rc/clk?jk=a1f01a7edf5b7a3a&fccid=ef3e7996e9dd5894&vjs=3
Engineer,CCI Cement Corporation,"New Delhi, Delhi","₹16,400 - ₹40,500 a month",https://www.indeed.com/rc/clk?jk=ead23fd238227781&fccid=0f36a9365279b23d&vjs=3
Electronic Service Engineer,coliseum,"Delhi, Delhi",,https://www.indeed.com/company/Coliseum/jobs/Electronic-Service-Engineer-c3dab54616e0c966?fccid=0649ff9587b7b1aa&vjs=3
Sun Engineers : Solar PV Utility &/or RoofTop,PowerSun,"Delhi, Delhi",,https://www.indeed.com/rc/clk?jk=20d92de3e52b1dae&fccid=ca3b6ec70803fdb6&vjs=3
Engineer - Telecom,Petrofac,"New Delhi, Delhi",,https://www.indeed.com/rc/clk?jk=7f98330815fe28f6&fccid=17a73c628013a669&vjs=3
We are Looking for Mechanical Engineers Fresher Only,hydervont,"Delhi, Delhi","₹18,000 - ₹32,000 a month",https://www.indeed.com/rc/clk?jk=357cee091b3582b7&fccid=fcf0befd72364c23&vjs=3
Estimation Engineer,Jaju Builders,"Delhi, Delhi","₹2,40,000 - ₹3,00,000 a year",https://www.indeed.com/company/Jaju-Builders/jobs/Estimation-Engineer-8ae2c805407e5c41?fccid=a4b3287cba6c8547&vjs=3
Hydraulic Engineer,EST Group Co. Austria,"New Delhi, Delhi",,https://www.indeed.com/company/EST/jobs/Hydraulic-Engineer-16e37d0149c50fba?fccid=4bf20ab46f19f458&vjs=3
Sales Engineer,GLOBAL TECHMART,"Delhi, Delhi","₹2,50,000 - ₹3,00,000 a year",https://www.indeed.com/pagead/clk?mo=r&ad=-6NYlbfkN0Aq1m5HGwcFV4qRqVZkAvnLDxvh0ZeTNU9kKheqk0V9jDv65il8Ix0vQJ6Vlb9Vxg8GvEqtxnq5U6zskPXzTOHw-N0licNgGbo_af4xDSklT7E0eoG5P5g_atk78h8BsJoPjVHe_3FQGwh9n6tfxU8BcHRDg3WgFN-IcJLO29bMA-5G9t_BFawM2VHRuVgRp_wp6x0XaMJjLOMEFBUvd5f8C6jMZkr5leCTs386MxNPWWfdcKxj26yDEF7Hyko8eYE2OZHj6SCOPt7FWMlaeALIJhte_PK7NrFTjSRRIzLWrTyOCvYzKW2W_OaiUvX3_07kjlxmeOg9qTFBP6HQRjilXHE09zQD3c-pRPXaBjjfOTc76nKCOFzrpUjhZ3RqeDgZ7iQJbQT0U-M_HOl1dpPS5W_dNs4ycX4C-oEoeqcsrj2eLqtdhZyD&p=11&fvj=1&vjs=3
Graduate Engineer Trainee,Gulati Auto Electricals Private Limited,"Naraina Ind. Area, Delhi, Delhi","₹10,500 a year",https://www.indeed.com/company/Gulati-Auto-Electricals-Pvt.-Ltd./jobs/Graduate-Engineer-Trainee-f3dbffe8ee870da3?fccid=2fa19415767621b4&vjs=3
QA Engineer,Jobbatical OU,"Delhi, Delhi","₹6,00,000 - ₹10,00,000 a year",https://www.indeed.com/company/Jobbatical-OU/jobs/QA-Engineer-7c017f918437818c?fccid=e205d072685309c4&vjs=3
"Fabrication engineer required, delhi",HR career Solutions,"Delhi, Delhi","₹20,000 - ₹30,000 a year",https://www.indeed.com/company/HR-career-Solutions/jobs/Fabrication-Engineer-0d9766b7bfe16f89?fccid=25ebe0f5d0d21a67&vjs=3
Estimation Engineer,Consilius Designs,"Wazir Nagar, Delhi","₹1,50,000 - ₹2,00,000 a year",https://www.indeed.com/company/Consilius-Designs/jobs/Estimation-Engineer-a311ac7ebcc96dbc?fccid=5ccc1d45b0b1b9e2&vjs=3
"Field Service Engineer-RO, AC",RO CARE INDIA,"Delhi, Delhi","₹15,000 - ₹20,000 a month",https://www.indeed.com/company/RO-CARE-INDIA/jobs/Field-Service-Engineer-Ro-f4aca795cea48fa2?fccid=167eca498c802788&vjs=3
"Trainee Service Engineer - Pusa Polytechnic , Delhi",bajajallianz,"Delhi, Delhi",,https://www.indeed.com/rc/clk?jk=9ceb3859591983c8&fccid=7406c8defa74db44&vjs=3
Marketing Engineer,Ancadd Engineering Solutions,"New Delhi, Delhi",,https://www.indeed.com/rc/clk?jk=de49d303fa750347&fccid=b9dd79e0ed4734e1&vjs=3
Service Engineer,Sanchaar Comm. System,"Delhi, Delhi","₹18,000 - ₹22,000 a year",https://www.indeed.com/company/Sanchaar-Comm.-System/jobs/Service-Engineer-184f39fe53d365e5?fccid=7e3552026cd76cec&vjs=3
PLANNING & BILLING ENGINEER,NKG Infrastructure,"New Delhi, Delhi","₹4,00,000 - ₹6,00,000 a year",https://www.indeed.com/rc/clk?jk=1c63cdca1854e44f&fccid=3e23ad8bf5dbf3be&vjs=3
Electrical Engineer,agni protection pvt. ltd.,"Patper Ganj, Delhi","₹30,000 a month",https://www.indeed.com/company/agni-protection-pvt.-ltd./jobs/Electrical-Engineer-9222cc75383a3dcb?fccid=d898d4e61ad388ea&vjs=3
Require Mechanical Engineer for Industrial Valves/Compressor...,Pushkarna Sales Pvt Ltd,"Chawri Bazar, Delhi","₹20,000 - ₹35,000 a month",https://www.indeed.com/pagead/clk?mo=r&ad=-6NYlbfkN0CYZ2n8brds0sGTCIMqcEilYTYiR0icf1SKkgW9cRjyTDRdyMiy5ovt-oML4vegi1pbUjV6J9wGydPHN9M4o_SOARPPuEe19xIDJYcO10VcGhynI6mXT-oWtws3tsOJwFhcyPUL-5J38WfUBw7tGIlhsmix4Mq1ytnHBmgcNZAY2vw3KDJSjlYceHYCPZlo7r3H3MPS9fXpYBlLx8dq0-IyYD1kLvDyEEyZmlV26eFgjbC1QCu0Hl4gSP5sCx0o_3USRhO0FVwzwFiCe22ur1GFaZo_VRtLSgHqay25ftMG_Q0mMht5fqTA28yxWRWZ_0E_6VaTAvZIuKEFri5e_rsjTyKp1s3zRkJ0kX3g64tsMTOOH8ZosdVs5TNXLyIljCm23PgyMlZAkEGmcf1JedP_rZDWrUczxyMTPmfBTBvGRiavfBjkVMaYISMielgS6hTAhqRSlQ1QwS_qgJdL7emZ&p=10&fvj=1&vjs=3
Sales Engineer,GLOBAL TECHMART,"Delhi, Delhi","₹2,50,000 - ₹3,00,000 a year",https://www.indeed.com/pagead/clk?mo=r&ad=-6NYlbfkN0Aq1m5HGwcFV4qRqVZkAvnLDxvh0ZeTNU9kKheqk0V9jDv65il8Ix0vQJ6Vlb9Vxg8GvEqtxnq5U6zskPXzTOHw-N0licNgGbo_af4xDSklT7E0eoG5P5g_atk78h8BsJoPjVHe_3FQGwh9n6tfxU8BcHRDg3WgFN-IcJLO29bMA-5G9t_BFawMBFbqFiQSCeMFjLsLjexkXl2tygtquJbO2P6Logl_16EAgW87M-Yr-9dwI6pjUne4TV5runy1Ptb-PhTfppPuHv5l5njkdt9sUvEve_hcA8e306CFTCyo32HbdP8aLgoUPPl0_hKpOrxkcjSxrBPzy-0ORKOMivyH2jdDRLuvwRCTV-7FZzHpTKlsnmIUndsnxqTXatWI_WHWrnCG4KXKFkmqcyU22a6bdfEKEteJJF12fUwStLuqcoIxl4sjdEVS&p=11&fvj=1&vjs=3
Require Mechanical Engineer for Industrial Valves/Compressor...,Pushkarna Sales Pvt Ltd,"Chawri Bazar, Delhi","₹20,000 - ₹35,000 a month",https://www.indeed.com/pagead/clk?mo=r&ad=-6NYlbfkN0CYZ2n8brds0sGTCIMqcEilYTYiR0icf1SKkgW9cRjyTDRdyMiy5ovt-oML4vegi1pbUjV6J9wGydPHN9M4o_SOARPPuEe19xIDJYcO10VcGhynI6mXT-oWtws3tsOJwFhcyPUL-5J38WfUBw7tGIlhsmix4Mq1ytnHBmgcNZAY2vw3KDJSjlYcePD7HfOBUnvhxLXEvRg0BqUGPhvB0SsfVIqj2KCp-xZ4TCyGBeLeJIA1S_UIxfZGX8wYAbx6sHER0piqePB500kKk16DOUO5XuoTno1EI4KbYEn1txJ7BQLBdLna_U4VlCXOSM_SGhzPRw4pJk0IxBd3b0eyCyxTAcgHBuyKIiWR-srQTHPNqVGjQl4YGhLeBMSsctSNemTMA83WZb00edgwA4el5O2Oz0tZwtgwdHwOvrYCjpR_D7xotkIvdwcwj0Vpq7FMO6JCaqH__Jep7fn0QQZ15MnL&p=0&fvj=1&vjs=3
Project Coordinator (Civil Engineer),Sachi Geosynthetics Pvt. Ltd.,"New Delhi, Delhi","₹20,000 - ₹60,000 a month",https://www.indeed.com/company/Sachig-Geosyenthetics-Private-Limited/jobs/Project-Coordinator-4cefe20c470a093f?fccid=5ddb84f9d1e3db8f&vjs=3
Quality Control Engineer,GRNconnect.com,"Saket, Delhi, Delhi",,https://www.indeed.com/rc/clk?jk=da5f9e759887e12d&fccid=342d4392c3e7bebb&vjs=3
Architect,Imperial Group Ltd,"Delhi, Delhi","₹16,000 - ₹40,000 a month",https://www.indeed.com/rc/clk?jk=e9f70c75fc1b7f7f&fccid=dd616958bd9ddc12&vjs=3
Maintenance Engineer,Consortium for Educational Communication (CEC),"New Delhi, Delhi","₹67,700 - ₹2,08,700 a month",https://www.indeed.com/rc/clk?jk=e4c1ab3ee9100b8e&fccid=8730beaf2c3b7d5d&vjs=3
Automation Engineer,Unicorn controls & automation,"Delhi, Delhi","₹10,000 - ₹18,000 a month",https://www.indeed.com/company/Unicorn-controls-&-automation/jobs/Automation-Engineer-a7e7701ebc521352?fccid=c4afd8e637dc4235&vjs=3
Assistant Engineer Trainee,POWERGRID,"New Delhi, Delhi",,https://www.indeed.com/rc/clk?jk=2483ead9f110c84d&fccid=3bc811f522a298b2&vjs=3
"Service Engineer -Weighing & Bagging, Conveyors, etc",EDI Enterprise Pvt Ltd,"Delhi, Delhi",,https://www.indeed.com/company/EDI-Enterprise-Pvt-Ltd/jobs/Service-Engineer-086c221b666e99ae?fccid=3f2f50571d32556d&vjs=3
Project / Site Engineer,DTU,"New Delhi, Delhi","₹25,000 a month",https://www.indeed.com/rc/clk?jk=31d152fe34509f25&fccid=510bcdc723d16603&vjs=3
Trainee Engineer,Quick Clean Pvt. Ltd.,"Delhi, Delhi","₹11,000 - ₹15,000 a month",https://www.indeed.com/company/Quick-Clean-Pvt.-Ltd./jobs/Trainee-Engineer-de0e323d4a53ed62?fccid=b149533ff3a7220c&vjs=3
Regional Sales cum Service Engineer (Weigbridge),Tollman international pvt ltd,"Delhi, Delhi","₹3,00,000 - ₹5,00,000 a year",https://www.indeed.com/company/Tollman-international-pvt-ltd/jobs/Regional-Sales-Cum-Service-Engineer-d14cc0c7e73dc86d?fccid=65fd946f0ae7d39b&vjs=3
Sales Engineer,GLOBAL TECHMART,"Delhi, Delhi","₹2,50,000 - ₹3,00,000 a year",https://www.indeed.com/pagead/clk?mo=r&ad=-6NYlbfkN0Aq1m5HGwcFV4qRqVZkAvnLDxvh0ZeTNU9kKheqk0V9jDv65il8Ix0vQJ6Vlb9Vxg8GvEqtxnq5U6zskPXzTOHw-N0licNgGbo_af4xDSklT7E0eoG5P5g_atk78h8BsJoPjVHe_3FQGwh9n6tfxU8BcHRDg3WgFN-IcJLO29bMA-5G9t_BFawMij6nSRnNLdpVsj5Iz7tC1k6QGngsTyoBeH1VYY65ZDrvJpzFHSaUsq1IfNaQR9yJDt0D8-pIMcYDWjjQSiMQjq1i_syeM4IIR9SPTn1njtMQpBYiUbLltUTfck1UqIXddEra8rsPpImmZLoFvBbksf1HDOwgZ3ZWad1zcWVN7nxjwhOHup1xIcL5S7VU2fgoYLhBZIUu6YgEzzKxfn0cE4Cs9-kEY2Ms0GZOaLbzAXExBCTbEmiJdZMhaf6KABWx&p=11&fvj=1&vjs=3
Require Mechanical Engineer for Industrial Valves/Compressor...,Pushkarna Sales Pvt Ltd,"Chawri Bazar, Delhi","₹20,000 - ₹35,000 a month",https://www.indeed.com/pagead/clk?mo=r&ad=-6NYlbfkN0CYZ2n8brds0sGTCIMqcEilYTYiR0icf1SKkgW9cRjyTDRdyMiy5ovt-oML4vegi1pbUjV6J9wGydPHN9M4o_SOARPPuEe19xIDJYcO10VcGhynI6mXT-oWtws3tsOJwFhcyPUL-5J38WfUBw7tGIlhsmix4Mq1ytnHBmgcNZAY2vw3KDJSjlYcnxz57lTVz_CT3QSha7DpHseruKT3ibCeb45t8_sy5XQcnD5TkGf6HsVWu5h_-ehr1GIXyv2nsA_MLOH-1wanmhlYhfza3ZzpdPrE2h2wAfRrIBLxQmCUmRDvGmodPVFnn3I81VAbXn5eRozwys77l5vWMzRqIyrAQnD6lsvIboJvvjFWcmoxhdE2WOYbs0EK_ErNOI0k4ScLZE5YRoEGpJ2-TOIEaacSPlaeMXkFoBqkmfqp3Vgxt9F1S7Vxd2GLdloRFPUlgmRqkN9Doq7HRrUQiJckARDd&p=0&fvj=1&vjs=3
Project Engineer,Digital Controls & Automation,"Delhi, Delhi",,https://www.indeed.com/company/DIGITAL-INSTRUMENTS-&-CONTROL-SYSTEMS/jobs/Project-Engineer-a89ac322ace65e75?fccid=03e3b1ec379c80ea&vjs=3
Research engineer & Robotics Trainer,Avishkaar,"Zakhira, Delhi",,https://www.indeed.com/company/Avishkaar/jobs/Research-Engineer-Robotic-Trainer-f59424b342c93b36?fccid=c9256672b3286f85&vjs=3
Electrical Engineer,nutan enterprises,"Delhi, Delhi","₹3,25,000 - ₹4,00,000 a year",https://www.indeed.com/rc/clk?jk=14e3000e0db31005&fccid=71e85fbe82ce89ac&vjs=3
Associate Software Engineer,Green Apple Solutions,"New Delhi, Delhi","₹2,40,000 a year",https://www.indeed.com/rc/clk?jk=376228dae1c69ddd&fccid=62c8b5099db97925&vjs=3
SCADA ENGINEER,Brady services Pvt. Ltd.,"Delhi, Delhi","₹3,00,000 a year",https://www.indeed.com/company/Bradys-service-Pvt-Ltd./jobs/Scada-Engineer-2a1fbc87118df0f1?fccid=49ca0b98be215168&vjs=3
Engineer,C&S Electric,"Delhi, Delhi",,https://www.indeed.com/rc/clk?jk=3187b435e98243fe&fccid=9f7e757353389cac&vjs=3
Quality Assurance Engineer,TechGlobe IT Solutions Private Limited,"New Delhi, Delhi","₹1,80,000 - ₹4,00,000 a year",https://www.indeed.com/company/TechGlobe-IT-Solutions-Private-Limited/jobs/Quality-Assurance-Engineer-fd943970a861597d?fccid=17a0645d3992430f&vjs=3
Sales Engineer / Sales Officers,SSSPL,"Greater Kailash, Delhi, Delhi","₹3,00,000 - ₹6,00,000 a year",https://www.indeed.com/company/SSSPL/jobs/Sales-Engineer-0a7d5d8dc6f0289e?fccid=5cc3d6e983a4e2da&vjs=3
Desktop Support Engineer | Delhi,Manmuk Creations,"Delhi, Delhi","₹1,50,000 - ₹2,25,000 a year",https://www.indeed.com/rc/clk?jk=dd2e7ef6f1842b5c&fccid=dbde792597289d85&vjs=3
Customer Support Executive / Customer Care Executive,Homebase,"New Delhi, Delhi",,https://www.indeed.com/rc/clk?jk=b1e107609bf67a5c&fccid=5faf08b320f9ee7a&vjs=3
Sales Engineer,GLOBAL TECHMART,"Delhi, Delhi","₹2,50,000 - ₹3,00,000 a year",https://www.indeed.com/pagead/clk?mo=r&ad=-6NYlbfkN0Aq1m5HGwcFV4qRqVZkAvnLDxvh0ZeTNU9kKheqk0V9jDv65il8Ix0vQJ6Vlb9Vxg8GvEqtxnq5U6zskPXzTOHw-N0licNgGbo_af4xDSklT7E0eoG5P5g_atk78h8BsJoPjVHe_3FQGwh9n6tfxU8BcHRDg3WgFN-IcJLO29bMA-5G9t_BFawMIPdYiWc5_XN67UURblcr-TWY7ACPMRHCeGvMnatU_i4Miyn3ChZAO63QmpUODv65nadvj_gcrndTx4mB2e278gLECVk7M5jC1G2P-A1ez47bup7Cbu46ooP_tf2BJNKYJZXolrcVCmUxBH7pNR9-edOx_RkaGv0wLWyTTJhFNWUW8Jm_NgGO7QC2NYrPgfU8KGZgHcZOORvyvGZ3Quo8pyD8Va072f_2Ofkb9WsmJEEHYjTIKqQDk3VCBrsQ8c9v&p=11&fvj=1&vjs=3
Sales Engineer,GLOBAL TECHMART,"Delhi, Delhi","₹2,50,000 - ₹3,00,000 a year",https://www.indeed.com/pagead/clk?mo=r&ad=-6NYlbfkN0Aq1m5HGwcFV4qRqVZkAvnLDxvh0ZeTNU9kKheqk0V9jDv65il8Ix0vQJ6Vlb9Vxg8GvEqtxnq5U6zskPXzTOHw-N0licNgGbo_af4xDSklT7E0eoG5P5g_atk78h8BsJoPjVHe_3FQGwh9n6tfxU8BcHRDg3WgFN-IcJLO29bMA-5G9t_BFawMyZWlPGmt2U3BZFhGB95i8y5NWFA-ZDHmY4-_wc1JPcIOQVjRPjS7oaUulqVeZTqUNqy9NwXHwZYkNSPsTrK4zLTZ4y58nYnlwX5kcFrf5Ga1U-dPcBPeTipFRLCHGLWnyv8pHMUNzbP114QZkmuCAi7RoANtXmUNA3TLpDOwC2XpUu4NjZUsv4hGmQuAy9bMVcoRZrhcz207lEWilEJ3Py-ejxVPc5lmVFw-fH-0DZw70y6-t0K5cOTS6pmQk7Vv&p=0&fvj=1&vjs=3
Require Mechanical Engineer for Industrial Valves/Compressor...,Pushkarna Sales Pvt Ltd,"Chawri Bazar, Delhi","₹20,000 - ₹35,000 a month",https://www.indeed.com/pagead/clk?mo=r&ad=-6NYlbfkN0CYZ2n8brds0sGTCIMqcEilYTYiR0icf1SKkgW9cRjyTDRdyMiy5ovt-oML4vegi1pbUjV6J9wGydPHN9M4o_SOARPPuEe19xIDJYcO10VcGhynI6mXT-oWtws3tsOJwFhcyPUL-5J38WfUBw7tGIlhsmix4Mq1ytnHBmgcNZAY2vw3KDJSjlYcRvyMvUZ-QhEtiKqpiqQ-jDAYlkv3gNwj170wDo9zvt-XYQ3bNJBMl3-Hqxalcd9slCryk9oCeC9vpSr6hBulxz43vBEEjDl4TzEheVclB2to8_F5ZyRaPzC4fWyf3y6fHXxIFZT37bnPmflWQZe84pUijBeM2yBYTjljyniZdWSvyS5iYniSqYIumX6cCXLAj52hlFJUbV3Gj1uRDWyfVXw_3jq8GBHpzdfHlAqWm2C6nXkkBqd4w9iA2iLQHr71VLEs1e5EdgHjRPag6fEvv_LZSggXpTi1&p=1&fvj=1&vjs=3
"Project Engineer - Paper, Fibre & Recycling",ANDRITZ AG,"New Delhi, Delhi",,https://www.indeed.com/rc/clk?jk=874679f984a59e5c&fccid=31dc3ff412a8dc30&vjs=3
Piling Engineer,ANAND INFRAEQUIP LLP,"Delhi Cantt, Delhi","₹2,00,000 - ₹4,00,000 a year",https://www.indeed.com/company/ANAND-INFRAEQUIP-LLP/jobs/Piling-Engineer-baf686a791fe0582?fccid=5e10a85ba35ed022&vjs=3
Sales Engineer,Mechatronics control Equipments Private Limited,"Delhi, Delhi",,https://www.indeed.com/company/Mechatronics-control-Equipments-Private-Limited/jobs/Sales-Engineer-56d030070f672af1?fccid=39ff975e8ca2d019&vjs=3
LIghting Design Engineer,XAL TOOL INDIA Pvt LTD,"Delhi, Delhi","₹4,00,000 - ₹5,00,000 a year",https://www.indeed.com/company/XAL-TOOL-INDIA-Pvt-LTD/jobs/Lighting-Design-Engineer-3017299371344c67?fccid=3568b3f27bd08c25&vjs=3
Hiring Network Engineers,Applied Research International Pvt. Ltd.,"Delhi, Delhi","₹10,000 - ₹30,000 a month",https://www.indeed.com/company/ARI/jobs/Network-Engineer-280c02b71fe932c3?fccid=8c9c35a12ffd56ba&vjs=3
Mechanical Engineer,Greenveda herbals cosmetics,"Sadar Bazaar, Delhi, Delhi","₹16,000 - ₹18,000 a month",https://www.indeed.com/company/Greenveda-herbals-cosmetics/jobs/Mechanical-Engineer-583c48e33cd35935?fccid=37f26fec2a3ad008&vjs=3
SOC Engineer,SAGE Publications India Pvt. Ltd. Cookies Privacy...,"Delhi, Delhi",,https://www.indeed.com/rc/clk?jk=5adf0e37f4241386&fccid=75d792b50a84ab16&vjs=3
QA Engineer (Automation),AAPNA Infotech,"Janakpuri, Delhi, Delhi",,https://www.indeed.com/rc/clk?jk=f090cd0882991596&fccid=01caa7f20855c379&vjs=3
Electrical & Electronic Engineer,Hydervont,"Delhi, Delhi","₹18,000 - ₹30,000 a month",https://www.indeed.com/rc/clk?jk=3eb2f3d3501bf2c5&fccid=fcf0befd72364c23&vjs=3
Junior Engineer (A/C & Ref. ),All India Institute of Medical Sciences (AIIMS),"New Delhi, Delhi",,https://www.indeed.com/rc/clk?jk=a0e946b220ddc032&fccid=3eee091df9ebcb4e&vjs=3
Field Engineer,BPL Telecom Private Limited,"Delhi, Delhi",,https://www.indeed.com/company/BPL-Telecom-Private-Limited/jobs/Field-Engineer-adcca9ffcb8aa4de?fccid=2bc127a2f4251f87&vjs=3
Circle O&M - Field Support Engineer,Indus Tower Ltd,"Delhi, Delhi",,https://www.indeed.com/rc/clk?jk=c400c6cdd066accf&fccid=7cf6d817b4824f90&vjs=3
GIS Engineer,Usnatek,"New Delhi, Delhi",,https://www.indeed.com/rc/clk?jk=847984d4c8e9a136&fccid=be594909a0f26378&vjs=3
Technical Sales Engineer,Spirient Staffing Solution,"Delhi, Delhi","₹3,00,000 - ₹6,00,000 a year",https://www.indeed.com/company/Spirient-Staffing-Solution-Pvt.-Ltd./jobs/Technical-Sales-Engineer-8b325eb878509353?fccid=809ef9de758f1804&vjs=3
Hardware and Network Engineer,Technousa,"Delhi, Delhi",,https://www.indeed.com/rc/clk?jk=2cf1f6c8cfdd8d49&fccid=441ad7511edeb259&vjs=3
Senior Traffic Engineer,IRCON,"New Delhi, Delhi","₹31,000 a month",https://www.indeed.com/rc/clk?jk=290b5e527dcf5ee9&fccid=13bf6b0b0d546582&vjs=3
Planning & Billing Engineer,Nirvana Landscapes Private Limited,"Delhi, Delhi","₹20,000 - ₹25,000 a month",https://www.indeed.com/company/Nirvana-Landscapes-Private-Limited/jobs/Planning-Billing-Engineer-a858317c6e35dfa1?fccid=10dc6e954986ab66&vjs=3
Walk-in | Quality Assurance Engineer - Website and Mobile Ap...,Auxesis Infotech Pvt Ltd,"New Delhi, Delhi","₹15,000 - ₹25,000 a month",https://www.indeed.com/company/Auxesis-Infotech-Pvt-Ltd/jobs/Walk-Quality-Assurance-Engineer-eb5783a3458b7cc4?fccid=b44ca7d87092f1e5&vjs=3
Planning Engineer,SKB Builders India Limited,"Okhla Industrial Estate, Delhi","₹4,00,000 - ₹6,00,000 a year",https://www.indeed.com/company/SKB-Builders-India-Limited/jobs/Planning-Engineer-56be7d21ca098de6?fccid=f9c5c8ab57fe952f&vjs=3
Sales Engineer,Locobuzz Solutions Pvt. Ltd.,"Delhi, Delhi","₹6,00,000 - ₹15,00,000 a year",https://www.indeed.com/company/Locobuzz-Solution-Pvt.-Ltd./jobs/Sales-Engineer-4fa8b621c03bd8e7?fccid=d4ed59dca25841e2&vjs=3
Sales Engineer,GLOBAL TECHMART,"Delhi, Delhi","₹2,50,000 - ₹3,00,000 a year",https://www.indeed.com/pagead/clk?mo=r&ad=-6NYlbfkN0Aq1m5HGwcFV4qRqVZkAvnLDxvh0ZeTNU9kKheqk0V9jDv65il8Ix0vQJ6Vlb9Vxg8GvEqtxnq5U6zskPXzTOHw-N0licNgGbo_af4xDSklT7E0eoG5P5g_atk78h8BsJoPjVHe_3FQGwh9n6tfxU8BcHRDg3WgFN-IcJLO29bMA-5G9t_BFawMVYzW3aALHGRc_o0bxs9eOYtoM66Qj9zT4vCkSKg-eAH7MnBJLdVzEzhtd_xck3zOKLfUwqWGOPubtzyEoJVdZSr_n0Dude3zXo1EbrLcm9Spwh1DjDNkUFPteHfQM_WymUhL-BRaXg8Ax7FBhJQqIS-6LdahdXK92wZr-Gctx14snBVhL1-qqIVTxJfOIBQZF1fjrSBlQLZcz4PdxAz_fFyfZF2-gp1kYCDzDlohL25lusrGo_JKZawvqMXZADOK&p=10&fvj=1&vjs=3
Require Mechanical Engineer for Industrial Valves/Compressor...,Pushkarna Sales Pvt Ltd,"Chawri Bazar, Delhi","₹20,000 - ₹35,000 a month",https://www.indeed.com/pagead/clk?mo=r&ad=-6NYlbfkN0CYZ2n8brds0sGTCIMqcEilYTYiR0icf1SKkgW9cRjyTDRdyMiy5ovt-oML4vegi1pbUjV6J9wGydPHN9M4o_SOARPPuEe19xIDJYcO10VcGhynI6mXT-oWtws3tsOJwFhcyPUL-5J38WfUBw7tGIlhsmix4Mq1ytnHBmgcNZAY2vw3KDJSjlYcUyYczZzq_NHinXu0Dj_-lTMRYP0K-aS2NEXPzlNnE3o34sLz1G3fkT_zCkgwEUhkO4_-cM5hd28k2A_gkJKke6IpN9KF33_w7r2oLLtPmqupB0JQUwSUr6u-0Gh5yn4-dMlrE1Z0eievdc7vWhnhWcYaNoQxIiAIL8W2lUZI_GrV-fJQhsSbnxOQLikniOEy-xfBSirWW2cMdxLHNFtFSPn-6ZxwZt9jn1WovIXQmn2RdcSVu233YdqTdfOngOFLi9oohAj40zxtnp2znvQiq3d5Qi7ojiWQ&p=11&fvj=1&vjs=3
Network Support (Executive / Engineer),Bakcom Networks India Pvt. Ltd.,"Vasant Vihar Ii, Delhi","₹1,50,000 - ₹2,40,000 a year",https://www.indeed.com/company/Star-Broadband-Services-India-Pvt.-Ltd./jobs/Network-Support-493307bb8abbc6df?fccid=85b7d40486460576&vjs=3
Safety Engineer Delhi Location,Servo India Pvt. Ltd.,"Delhi, Delhi","₹1,25,000 - ₹3,25,000 a year",https://www.indeed.com/rc/clk?jk=59ef16b897b37dbd&fccid=4ae211d687266f24&vjs=3
Labeling Engineer,Boston Scientific Corporation,"New Delhi, Delhi",,https://www.indeed.com/rc/clk?jk=155b09f48bd88ee8&fccid=d13187a50c252e33&vjs=3
"Mechanical Engineer- Freshers 8512070395""",Hydervont,"Delhi, Delhi","₹18,500 - ₹32,000 a month",https://www.indeed.com/rc/clk?jk=9d0e34d2fd4df482&fccid=fcf0befd72364c23&vjs=3
Service Engineer,aegis bio,"Delhi, Delhi",,https://www.indeed.com/company/Aegis-Bio-Consulting-Private-Limited/jobs/Service-Engineer-1a3a49ce206b1435?fccid=dd53cf520af7542c&vjs=3
Electrical Engineer,NKG Infrastructure,"New Delhi, Delhi",,https://www.indeed.com/rc/clk?jk=81cf7d99fb08b561&fccid=3e23ad8bf5dbf3be&vjs=3
Civil Engineer- Fresher Also Apply- 8512070395,Hydervont,"Delhi, Delhi","₹18,500 - ₹32,000 a month",https://www.indeed.com/rc/clk?jk=990a055ca50f2a44&fccid=fcf0befd72364c23&vjs=3
Web & Mobile Application QA Testing Engineer,Technousa,"Delhi, Delhi",,https://www.indeed.com/rc/clk?jk=ece6993275c6786b&fccid=441ad7511edeb259&vjs=3
Sr. Quality Engineer / Quality Engineer,TRIGO,"Delhi, Delhi",,https://www.indeed.com/rc/clk?jk=9232e4a6a1390282&fccid=49e4f479fa71f3ca&vjs=3
Customer Support Engineer,Beckman Coulter Diagnostics,"New Delhi, Delhi",,https://www.indeed.com/rc/clk?jk=06cad92f58131bb3&fccid=432c7642003cc768&vjs=3
Sales Engineer,GLOBAL TECHMART,"Delhi, Delhi","₹2,50,000 - ₹3,00,000 a year",https://www.indeed.com/pagead/clk?mo=r&ad=-6NYlbfkN0Aq1m5HGwcFV4qRqVZkAvnLDxvh0ZeTNU9kKheqk0V9jDv65il8Ix0vQJ6Vlb9Vxg8GvEqtxnq5U6zskPXzTOHw-N0licNgGbo_af4xDSklT7E0eoG5P5g_atk78h8BsJoPjVHe_3FQGwh9n6tfxU8BcHRDg3WgFN-IcJLO29bMA-5G9t_BFawMApK8tbHSmYYAigZU0ao3Kvis16qRDC9wQ4i-tlqxSm8LgAPTLLekU-rCXZQq1cWAq8Vxkbyw-UrHUQ0aSsJKpri2XJck7KUIlxNhbtr3vVIHWr5lK8WxlV1f5y0PYd1t7lXwRD0aCetdAuQV2ND4wVQxIXXuxGd-PgAEEnuLVleCQuW1zr0FqFy6BcX159BIe0wSP9BooBiIaw8Dkkeztbw48qB1gus26vZyuzrtpkyJZHzkrNSsb4YnnjTZE5oL&p=10&fvj=1&vjs=3
Require Mechanical Engineer for Industrial Valves/Compressor...,Pushkarna Sales Pvt Ltd,"Chawri Bazar, Delhi","₹20,000 - ₹35,000 a month",https://www.indeed.com/pagead/clk?mo=r&ad=-6NYlbfkN0CYZ2n8brds0sGTCIMqcEilYTYiR0icf1SKkgW9cRjyTDRdyMiy5ovt-oML4vegi1pbUjV6J9wGydPHN9M4o_SOARPPuEe19xIDJYcO10VcGhynI6mXT-oWtws3tsOJwFhcyPUL-5J38WfUBw7tGIlhsmix4Mq1ytnHBmgcNZAY2vw3KDJSjlYccm1zbfVJMDjuawGxG2xNnfx-Q9wghmx-o0LusAXLe-5T3urjPvrfZOIqfX_6c7NTd2y_fQphjXlU9zsSFu9V1xkKo3ekLbmEt_koinroXn211WtHceR578-M9RpVowhStRz3AQA1ChC3Np8kG0LPfQ9NjBPZ0r9ZrKkO2C_wlqhngOQTRPTHoAajo5Sa1ksutqxTnJDawqS8-_tkP1fJVBAsyRNqrXtwodf6XJZavxzJq4FGLYAzCUrR7Z8YlVl4154rlADEF-lM36-qoM9G24S6dOpsnAmK&p=11&fvj=1&vjs=3
Project Planning Engineer(Oil & Gas Industry),Enquest Petrosolution pvt ltd,"Delhi, Delhi",,https://www.indeed.com/company/Enquest-Petrosolution-pvt-ltd/jobs/Project-Planning-Engineer-1e0c3031e0610f69?fccid=8aaeffe6ca71c9ec&vjs=3
Ruby Engineer,Chuwa,"New Delhi, Delhi",,https://www.indeed.com/rc/clk?jk=c110eab5739d6724&fccid=c709a604172e14f4&vjs=3
Software Engineer,IHS Markit,"Bhajan Pura, Delhi",,https://www.indeed.com/rc/clk?jk=0d2cff20e355ef26&fccid=c4ba6202af4dda9d&vjs=3
Business Development Engineer - Construction,PTSI,"Delhi, Delhi","₹2,40,000 - ₹5,00,000 a year",https://www.indeed.com/company/PTSI/jobs/Business-Development-Engineer-d7b31785457f99f7?fccid=6280871404ee6052&vjs=3
Sr Software Engineer,Merit Nation,"New Delhi, Delhi","₹12,00,000 - ₹15,00,000 a year",https://www.indeed.com/rc/clk?jk=22cd41253100dd9a&fccid=08eb31841328359d&vjs=3
QA Engineer,Merit Nation,"Delhi, Delhi",,https://www.indeed.com/rc/clk?jk=8e7953fdb4382d37&fccid=08eb31841328359d&vjs=3
Energy Engineer,Smart Joules,"Civil Lines, Delhi",,https://www.indeed.com/rc/clk?jk=8fe50b284d249acb&fccid=b19921aec8a3f7ee&vjs=3
Assistant Project Engineer ( Mechanical ),JS CC Group,"Delhi, Delhi",,https://www.indeed.com/rc/clk?jk=e2593e00656bb134&fccid=dd616958bd9ddc12&vjs=3
Engineer / Sr. Engineer/ Assistant Manager (Projects),Tapsi Engineering Company,"New Delhi, Delhi",,https://www.indeed.com/rc/clk?jk=b862bb09084a5bbf&fccid=bad5121bc6baac5d&vjs=3
Fresher Assistance Engineer 19/20 Passout,Brick.co.in,"Delhi, Delhi","₹18,400 - ₹87,000 a month",https://www.indeed.com/rc/clk?jk=0b812588045934dd&fccid=0b1a378dbc61bda9&vjs=3
Sales Engineer,GLOBAL TECHMART,"Delhi, Delhi","₹2,50,000 - ₹3,00,000 a year",https://www.indeed.com/pagead/clk?mo=r&ad=-6NYlbfkN0Aq1m5HGwcFV4qRqVZkAvnLDxvh0ZeTNU9kKheqk0V9jDv65il8Ix0vQJ6Vlb9Vxg8GvEqtxnq5U6zskPXzTOHw-N0licNgGbo_af4xDSklT7E0eoG5P5g_atk78h8BsJoPjVHe_3FQGwh9n6tfxU8BcHRDg3WgFN-IcJLO29bMA-5G9t_BFawMIAZ8sZhgFfT8gZ8HZ-rCV-kNk0BcdQCsmhuFDp3zEVUlOWqEnxK5G6BU5WBnNbRw9ziBe1RyRZ1wjyDfGu3AJxDoZTpSSin6VlA0ARWGBurHLQZx7GGSKBAtv_A8NCRg7gsKN1tCi1iMEqzdoiguD3w3J72rgWrNMr7MtbWnX-SOGyv7c4T69E-u10fwojxVtCDUDCCnojC_5DmWXHcvGvShRiKgYRMFZysaHf8SLkzFoy12epgr5MqKqJt-AWeN&p=10&fvj=1&vjs=3
Require Mechanical Engineer for Industrial Valves/Compressor...,Pushkarna Sales Pvt Ltd,"Chawri Bazar, Delhi","₹20,000 - ₹35,000 a month",https://www.indeed.com/pagead/clk?mo=r&ad=-6NYlbfkN0CYZ2n8brds0sGTCIMqcEilYTYiR0icf1SKkgW9cRjyTDRdyMiy5ovt-oML4vegi1pbUjV6J9wGydPHN9M4o_SOARPPuEe19xIDJYcO10VcGhynI6mXT-oWtws3tsOJwFhcyPUL-5J38WfUBw7tGIlhsmix4Mq1ytnHBmgcNZAY2vw3KDJSjlYcQICCVQcdPBVMiq4cu_kKIMlCUkZeWDuGhz_OX2ZbgYjTWHDWDUQ5UWfWH1JbchhxMI1NQPELgEDpS3k3A4xqbqggzDlwDDw6X3VAwT_OYKVAvUlq8T-YAPr0K-JWW9_DWUDuCHIO4uoYw3uqKFinAfX2jbpFxKKMYCJcaQOIwRtWwo2G0uRL5NHKlcT0triykpm1lyle1Ze8c6NV1tYAJ2rA7S86V_lUDDYoyH_OgpSt8iwxwdmt1goL2VNof9PYWNqO-e2RTDRH8qIG-FBMVh5gYEpJOt7IHv41YQmsgt6x9b-e0LcusA==&p=11&fvj=1&vjs=3
Hiring for Mechanical Engineer,Hydervont,"Delhi, Delhi","₹19,700 - ₹35,000 a month",https://www.indeed.com/rc/clk?jk=2ee76dd9217e1d43&fccid=fcf0befd72364c23&vjs=3
PCB Design Engineer,Kritikal Solutions,"Delhi, Delhi",,https://www.indeed.com/rc/clk?jk=e4d532dc7d66708c&fccid=fbe7132463cb068a&vjs=3
Electrical Engineer,Hydervont,"Delhi, Delhi","₹18,000 - ₹35,000 a month",https://www.indeed.com/rc/clk?jk=52a0408de7fd6c60&fccid=fcf0befd72364c23&vjs=3
Sales and Marketing Engineers,TARGET INNOVATIONS,"New Delhi, Delhi","₹20,000 - ₹30,000 a month",https://www.indeed.com/company/TARGET-INNOVATIONS/jobs/Sales-Marketing-Engineer-00cfad5b395bf54c?fccid=021d7ce4155b0e51&vjs=3
Design Engineer/Application Engineer,Ancadd Engineering Solutions,"New Delhi, Delhi",,https://www.indeed.com/rc/clk?jk=d02491a95e304417&fccid=b9dd79e0ed4734e1&vjs=3
Mechanical Engineering part time job/internship at Delhi,KWESPL,"Delhi, Delhi","₹10,000 - ₹12,000 a month",https://www.indeed.com/rc/clk?jk=8c7b49d725871d17&fccid=65e4353bc1d09bb4&vjs=3
Diploma Engineer,BOV SS Technologies Pvt. Ltd.,"Delhi, Delhi","₹12,000 - ₹15,000 a month",https://www.indeed.com/company/BOV-SS-Technologies-Pvt.-Ltd./jobs/Diploma-Engineer-2f42d3b59cbcb0cc?fccid=32403f1edbf34262&vjs=3
Jr. Architect,Imperial Holiday Homes Ltd.,"Delhi, Delhi",,https://www.indeed.com/company/Real-Estate-Advisors-Ltd./jobs/Junior-Architect-4e67d4857f4582e9?fccid=76879579ba5e9a72&vjs=3
Assistant Manager/Manager- Customer Centricity,OLX Group,"Delhi, Delhi",,https://www.indeed.com/rc/clk?jk=64f0fdd5361b8445&fccid=68a03abfcf7e0aaa&vjs=3
Urgent hirings for Mechanical Engineer,Hydervont,"Delhi, Delhi","₹18,500 - ₹32,000 a month",https://www.indeed.com/rc/clk?jk=ce4b8831b8ca369c&fccid=fcf0befd72364c23&vjs=3
Sales Engineer,GLOBAL TECHMART,"Delhi, Delhi","₹2,50,000 - ₹3,00,000 a year",https://www.indeed.com/pagead/clk?mo=r&ad=-6NYlbfkN0Aq1m5HGwcFV4qRqVZkAvnLDxvh0ZeTNU9kKheqk0V9jDv65il8Ix0vQJ6Vlb9Vxg8GvEqtxnq5U6zskPXzTOHw-N0licNgGbo_af4xDSklT7E0eoG5P5g_atk78h8BsJoPjVHe_3FQGwh9n6tfxU8BcHRDg3WgFN-IcJLO29bMA-5G9t_BFawMrLLYNAdUfadBNA0WscZrFEthw8zOZRYRT3owfG6wd8z51v2ytekyHI04WpGeCwU2Bxed17amO05Gn-LXnv8VX_ntxy_9KTOpnX75Oac0mW1PdB_R6D3imcnoQJdES1wbIQ_rytTHf_RylvyvX5RU9815t2i2UujTTpX31z8B45JS-ZRWO8vrd4GCnBDal5VpHRlWfK8qoPD9IO6p2AjINKnP1rWDvuhULnpbUHFOsubt6wJEI2pmPadgIeVRbr3N&p=10&fvj=1&vjs=3
Require Mechanical Engineer for Industrial Valves/Compressor...,Pushkarna Sales Pvt Ltd,"Chawri Bazar, Delhi","₹20,000 - ₹35,000 a month",https://www.indeed.com/pagead/clk?mo=r&ad=-6NYlbfkN0CYZ2n8brds0sGTCIMqcEilYTYiR0icf1SKkgW9cRjyTDRdyMiy5ovt-oML4vegi1pbUjV6J9wGydPHN9M4o_SOARPPuEe19xIDJYcO10VcGhynI6mXT-oWtws3tsOJwFhcyPUL-5J38WfUBw7tGIlhsmix4Mq1ytnHBmgcNZAY2vw3KDJSjlYcQ-I_GhBeSaqybFbGg3BxTpdbrt8WAPv4QyYxxkbBdYtGRhJPUNyn-E5Y074U7Fby3wh21jFMARzgxYEvZBf4XMj7FlumkPRLMVi5avuXFk-2DVz_JWn2zE-RHKN23xwvszXqE9z0xsTG_CCePOxE_91Mc3a6RWKpRmas-EUp4pjJOtNhwsX7iTpkSMEFDx_74XprZruHDWd24tda-J70z5VE4884bYQ_DZC9x9QuiuNBf26efgYLmxqdhN1cx5MTDI0ikJGLtgkRPG9J6fJKAjqoXowG03Fb&p=11&fvj=1&vjs=3
