Project Execution job vacancy,Hindustan Construction Company,"New Delhi, Delhi, India",,https://www.linkedin.com/jobs/view/project-execution-job-vacancy-at-hindustan-construction-company-1812085731?refId=ba0a62fd-a018-4b62-bbd8-384b3346ddeb&position=1&pageNum=0&trk=public_jobs_job-result-card_result-card_full-click
Project Engineer,Bank of India,"New Delhi, Delhi, India",,https://www.linkedin.com/jobs/view/project-engineer-at-bank-of-india-1812071182?refId=ba0a62fd-a018-4b62-bbd8-384b3346ddeb&position=2&pageNum=0&trk=public_jobs_job-result-card_result-card_full-click
GRADUATE ENGINEER TRAINEE,Pitney Bowes,"Noida, Uttar Pradesh, India",,https://www.linkedin.com/jobs/view/graduate-engineer-trainee-at-pitney-bowes-1812612959?refId=ba0a62fd-a018-4b62-bbd8-384b3346ddeb&position=3&pageNum=0&trk=public_jobs_job-result-card_result-card_full-click
Biomedical Engineer,BP Ergo Ltd,"Gurgaon, Haryana, India",,https://www.linkedin.com/jobs/view/biomedical-engineer-at-bp-ergo-ltd-1765462848?refId=ba0a62fd-a018-4b62-bbd8-384b3346ddeb&position=4&pageNum=0&trk=public_jobs_job-result-card_result-card_full-click
Chemical Engineer,MNC Group,"New Delhi, Delhi, India",,https://www.linkedin.com/jobs/view/chemical-engineer-at-mnc-group-1776397133?refId=ba0a62fd-a018-4b62-bbd8-384b3346ddeb&position=5&pageNum=0&trk=public_jobs_job-result-card_result-card_full-click
Assistant Engineer,Regional Centre for Biotechnology,"New Delhi, Delhi, India",,https://www.linkedin.com/jobs/view/assistant-engineer-at-regional-centre-for-biotechnology-1775581326?refId=ba0a62fd-a018-4b62-bbd8-384b3346ddeb&position=6&pageNum=0&trk=public_jobs_job-result-card_result-card_full-click
"Product Engineer, Development Lab",Bain & Company,"Gurgaon, Haryana, India",,https://www.linkedin.com/jobs/view/product-engineer-development-lab-at-bain-company-1636086021?refId=ba0a62fd-a018-4b62-bbd8-384b3346ddeb&position=7&pageNum=0&trk=public_jobs_job-result-card_result-card_full-click
AGM - Club Operations,DLF Limited,"Gurgaon, Haryana, India",,https://www.linkedin.com/jobs/view/agm-club-operations-at-dlf-limited-1781974223?refId=ba0a62fd-a018-4b62-bbd8-384b3346ddeb&position=8&pageNum=0&trk=public_jobs_job-result-card_result-card_full-click
Graduate Engineer Trainee,National Aluminium Company Ltd,"New Delhi, Delhi, India",,https://www.linkedin.com/jobs/view/graduate-engineer-trainee-at-national-aluminium-company-ltd-1805809867?refId=ba0a62fd-a018-4b62-bbd8-384b3346ddeb&position=9&pageNum=0&trk=public_jobs_job-result-card_result-card_full-click
PROJECT ENGINEER,Rockwell Automation,"Ghaziabad, Uttar Pradesh, India",,https://www.linkedin.com/jobs/view/project-engineer-at-rockwell-automation-1782507451?refId=ba0a62fd-a018-4b62-bbd8-384b3346ddeb&position=10&pageNum=0&trk=public_jobs_job-result-card_result-card_full-click
Assistant Design Engineer,Ramboll,"Gurgaon, Haryana, India",,https://www.linkedin.com/jobs/view/assistant-design-engineer-at-ramboll-1806775165?refId=ba0a62fd-a018-4b62-bbd8-384b3346ddeb&position=11&pageNum=0&trk=public_jobs_job-result-card_result-card_full-click
Engineer R&D,Rohde & Schwarz,"New Delhi, Delhi, India",,https://www.linkedin.com/jobs/view/engineer-r-d-at-rohde-schwarz-1782507469?refId=ba0a62fd-a018-4b62-bbd8-384b3346ddeb&position=12&pageNum=0&trk=public_jobs_job-result-card_result-card_full-click
Field engineer,Bruker Ltd.,"New Delhi, Delhi, India",,https://www.linkedin.com/jobs/view/field-engineer-at-bruker-ltd-1765286157?refId=ba0a62fd-a018-4b62-bbd8-384b3346ddeb&position=13&pageNum=0&trk=public_jobs_job-result-card_result-card_full-click
Associate Engineer,Ericsson,"New Delhi, Delhi, India",,https://www.linkedin.com/jobs/view/associate-engineer-at-ericsson-1805328153?refId=ba0a62fd-a018-4b62-bbd8-384b3346ddeb&position=14&pageNum=0&trk=public_jobs_job-result-card_result-card_full-click
hiring Graduate engineer,CyberQ Consulting,"New Delhi, Delhi, India",,https://www.linkedin.com/jobs/view/hiring-graduate-engineer-at-cyberq-consulting-1812046153?refId=ba0a62fd-a018-4b62-bbd8-384b3346ddeb&position=15&pageNum=0&trk=public_jobs_job-result-card_result-card_full-click
Service Engineer Settled in India,"LandGlass Technology Co., Ltd.-(glass tempering furnace)","Delhi, India",,https://www.linkedin.com/jobs/view/service-engineer-settled-in-india-at-landglass-technology-co-ltd-glass-tempering-furnace-1782599928?refId=ba0a62fd-a018-4b62-bbd8-384b3346ddeb&position=16&pageNum=0&trk=public_jobs_job-result-card_result-card_full-click
Technical Support Engineer,Salesforce,"Gurgaon, Haryana, India",,https://www.linkedin.com/jobs/view/technical-support-engineer-at-salesforce-1788334190?refId=ba0a62fd-a018-4b62-bbd8-384b3346ddeb&position=17&pageNum=0&trk=public_jobs_job-result-card_result-card_full-click
Production Engineer,Amitoje India,"Delhi, Delhi, India",,https://www.linkedin.com/jobs/view/production-engineer-at-amitoje-india-1771148553?refId=ba0a62fd-a018-4b62-bbd8-384b3346ddeb&position=18&pageNum=0&trk=public_jobs_job-result-card_result-card_full-click
LOOKING PRODUCTION ENGINEER,JOB INDIA,"New Delhi, Delhi, India",,https://www.linkedin.com/jobs/view/looking-production-engineer-at-job-india-1735073935?refId=ba0a62fd-a018-4b62-bbd8-384b3346ddeb&position=19&pageNum=0&trk=public_jobs_job-result-card_result-card_full-click
Field engineer,Bruker,"New Delhi, Delhi, India",,https://www.linkedin.com/jobs/view/field-engineer-at-bruker-1764398157?refId=ba0a62fd-a018-4b62-bbd8-384b3346ddeb&position=20&pageNum=0&trk=public_jobs_job-result-card_result-card_full-click
Technical Support Engineer,SakRobotix Lab,"New Delhi, Delhi, India",,https://www.linkedin.com/jobs/view/technical-support-engineer-at-sakrobotix-lab-1806968478?refId=ba0a62fd-a018-4b62-bbd8-384b3346ddeb&position=21&pageNum=0&trk=public_jobs_job-result-card_result-card_full-click
Laser Engineer,Dynotech Instruments Pvt Ltd,"New Delhi, Delhi, India",,https://www.linkedin.com/jobs/view/laser-engineer-at-dynotech-instruments-pvt-ltd-1652646834?refId=ba0a62fd-a018-4b62-bbd8-384b3346ddeb&position=22&pageNum=0&trk=public_jobs_job-result-card_result-card_full-click
Junior Engineer/Stores,Delhi Metro Rail Corporation Ltd,"New Delhi, Delhi, India",,https://www.linkedin.com/jobs/view/junior-engineer-stores-at-delhi-metro-rail-corporation-ltd-1609176948?refId=ba0a62fd-a018-4b62-bbd8-384b3346ddeb&position=23&pageNum=0&trk=public_jobs_job-result-card_result-card_full-click
Design Engineer,MKU,"New Delhi, Delhi, India",,https://www.linkedin.com/jobs/view/design-engineer-at-mku-1807807023?refId=ba0a62fd-a018-4b62-bbd8-384b3346ddeb&position=24&pageNum=0&trk=public_jobs_job-result-card_result-card_full-click
Junior Trader,Cargill,"Gurgaon, Haryana, India",,https://www.linkedin.com/jobs/view/junior-trader-at-cargill-1766768503?refId=ba0a62fd-a018-4b62-bbd8-384b3346ddeb&position=25&pageNum=0&trk=public_jobs_job-result-card_result-card_full-click
Technical Support Engineer,SakRobotix Lab,"New Delhi, Delhi, India",,https://www.linkedin.com/jobs/view/technical-support-engineer-at-sakrobotix-lab-1806968478?refId=f479b2fe-b31d-4cad-b281-a184bebb63f7&position=1&pageNum=0&trk=public_jobs_job-result-card_result-card_full-click
"Engineer I, Field Service",Thermo Fisher Scientific,"Noida, Uttar Pradesh, India",,https://www.linkedin.com/jobs/view/engineer-i-field-service-at-thermo-fisher-scientific-1793147277?refId=f479b2fe-b31d-4cad-b281-a184bebb63f7&position=2&pageNum=0&trk=public_jobs_job-result-card_result-card_full-click
Laser Engineer,Dynotech Instruments Pvt Ltd,"New Delhi, Delhi, India",,https://www.linkedin.com/jobs/view/laser-engineer-at-dynotech-instruments-pvt-ltd-1652646834?refId=f479b2fe-b31d-4cad-b281-a184bebb63f7&position=3&pageNum=0&trk=public_jobs_job-result-card_result-card_full-click
Data Engineer,Nykaa.com,"Gurgaon, Haryana, India",,https://www.linkedin.com/jobs/view/data-engineer-at-nykaa-com-1803266388?refId=f479b2fe-b31d-4cad-b281-a184bebb63f7&position=4&pageNum=0&trk=public_jobs_job-result-card_result-card_full-click
Junior Engineer/Stores,Delhi Metro Rail Corporation Ltd,"New Delhi, Delhi, India",,https://www.linkedin.com/jobs/view/junior-engineer-stores-at-delhi-metro-rail-corporation-ltd-1609176948?refId=f479b2fe-b31d-4cad-b281-a184bebb63f7&position=5&pageNum=0&trk=public_jobs_job-result-card_result-card_full-click
Design Engineer,MKU,"New Delhi, Delhi, India",,https://www.linkedin.com/jobs/view/design-engineer-at-mku-1807807023?refId=f479b2fe-b31d-4cad-b281-a184bebb63f7&position=6&pageNum=0&trk=public_jobs_job-result-card_result-card_full-click
Junior Trader,Cargill,"Gurgaon, Haryana, India",,https://www.linkedin.com/jobs/view/junior-trader-at-cargill-1766768503?refId=f479b2fe-b31d-4cad-b281-a184bebb63f7&position=7&pageNum=0&trk=public_jobs_job-result-card_result-card_full-click
Opearations Excellence Consultant with DnA,Antal International,"Gurgaon, Haryana, India",,https://www.linkedin.com/jobs/view/opearations-excellence-consultant-with-dna-at-antal-international-1766882669?refId=f479b2fe-b31d-4cad-b281-a184bebb63f7&position=8&pageNum=0&trk=public_jobs_job-result-card_result-card_full-click
Technical Support Engineer,Tangience Technologies,"Gurgaon, Haryana, India",,https://www.linkedin.com/jobs/view/technical-support-engineer-at-tangience-technologies-1743535423?refId=f479b2fe-b31d-4cad-b281-a184bebb63f7&position=9&pageNum=0&trk=public_jobs_job-result-card_result-card_full-click
Robotics Engineer,AI Space,"New Delhi, Delhi, India",,https://www.linkedin.com/jobs/view/robotics-engineer-at-ai-space-1802671882?refId=f479b2fe-b31d-4cad-b281-a184bebb63f7&position=10&pageNum=0&trk=public_jobs_job-result-card_result-card_full-click
Design Engineer -  Mechanical / Marine,Tata Consultancy Services,"Gurgaon, Haryana, India",,https://www.linkedin.com/jobs/view/design-engineer-mechanical-marine-at-tata-consultancy-services-1774418659?refId=f479b2fe-b31d-4cad-b281-a184bebb63f7&position=11&pageNum=0&trk=public_jobs_job-result-card_result-card_full-click
Facilities Engineer,JLL,"New Delhi, Delhi, India",,https://www.linkedin.com/jobs/view/facilities-engineer-at-jll-1788377709?refId=f479b2fe-b31d-4cad-b281-a184bebb63f7&position=12&pageNum=0&trk=public_jobs_job-result-card_result-card_full-click
Marketing Engineer,Dr. Wamser + Batra,"Gurgaon, Haryana, India",,https://www.linkedin.com/jobs/view/marketing-engineer-at-dr-wamser-%2B-batra-1806305324?refId=f479b2fe-b31d-4cad-b281-a184bebb63f7&position=13&pageNum=0&trk=public_jobs_job-result-card_result-card_full-click
Industrial Engineer - Lean Manufacturing (1-4 yrs) Noida (Production),Praxis Technologies,"Noida, Uttar Pradesh, India",,https://www.linkedin.com/jobs/view/industrial-engineer-lean-manufacturing-1-4-yrs-noida-production-at-praxis-technologies-1707638973?refId=f479b2fe-b31d-4cad-b281-a184bebb63f7&position=14&pageNum=0&trk=public_jobs_job-result-card_result-card_full-click
Process Engineer,Sunwoda Electronic India Pvt Ltd,"Greater Noida, Uttar Pradesh, India",,https://www.linkedin.com/jobs/view/process-engineer-at-sunwoda-electronic-india-pvt-ltd-1652605786?refId=f479b2fe-b31d-4cad-b281-a184bebb63f7&position=15&pageNum=0&trk=public_jobs_job-result-card_result-card_full-click
Service Engineer,General Industrial Controls Pvt. Ltd. (GIC),"New Delhi, Delhi, India",,https://www.linkedin.com/jobs/view/service-engineer-at-general-industrial-controls-pvt-ltd-gic-1760020423?refId=f479b2fe-b31d-4cad-b281-a184bebb63f7&position=16&pageNum=0&trk=public_jobs_job-result-card_result-card_full-click
Director of Engineering,PayU,"Gurgaon, Haryana, India",,https://www.linkedin.com/jobs/view/director-of-engineering-at-payu-1782030209?refId=f479b2fe-b31d-4cad-b281-a184bebb63f7&position=17&pageNum=0&trk=public_jobs_job-result-card_result-card_full-click
Production Engineer,Educomp Solutions Ltd,"Faridabad, Haryana, India",,https://www.linkedin.com/jobs/view/production-engineer-at-educomp-solutions-ltd-1812045602?refId=f479b2fe-b31d-4cad-b281-a184bebb63f7&position=18&pageNum=0&trk=public_jobs_job-result-card_result-card_full-click
Chemical Engineer Walk In Interview,GOLDEN IKON,"New Delhi, Delhi, India",,https://www.linkedin.com/jobs/view/chemical-engineer-walk-in-interview-at-golden-ikon-1808313404?refId=f479b2fe-b31d-4cad-b281-a184bebb63f7&position=19&pageNum=0&trk=public_jobs_job-result-card_result-card_full-click
Artificial Intelligence Engineer,Invest19,"Noida, Uttar Pradesh, India",,https://www.linkedin.com/jobs/view/artificial-intelligence-engineer-at-invest19-1652644998?refId=f479b2fe-b31d-4cad-b281-a184bebb63f7&position=20&pageNum=0&trk=public_jobs_job-result-card_result-card_full-click
Officer Information Technology,SRL Diagnostics,"New Delhi, Delhi, India",,https://www.linkedin.com/jobs/view/officer-information-technology-at-srl-diagnostics-1766150740?refId=f479b2fe-b31d-4cad-b281-a184bebb63f7&position=21&pageNum=0&trk=public_jobs_job-result-card_result-card_full-click
Product Engineer I,Cadence Design Systems,"New Delhi, Delhi, India",,https://www.linkedin.com/jobs/view/product-engineer-i-at-cadence-design-systems-1712830964?refId=f479b2fe-b31d-4cad-b281-a184bebb63f7&position=22&pageNum=0&trk=public_jobs_job-result-card_result-card_full-click
Application Engineer,LONGi Solar,"Delhi, India",,https://www.linkedin.com/jobs/view/application-engineer-at-longi-solar-1802872585?refId=f479b2fe-b31d-4cad-b281-a184bebb63f7&position=23&pageNum=0&trk=public_jobs_job-result-card_result-card_full-click
Field Service Engineer,Waters Corporation,"New Delhi, Delhi, India",,https://www.linkedin.com/jobs/view/field-service-engineer-at-waters-corporation-1713944110?refId=f479b2fe-b31d-4cad-b281-a184bebb63f7&position=24&pageNum=0&trk=public_jobs_job-result-card_result-card_full-click
Engineering Associate Program - Gurugram,Droom Technology,"Gurgaon, Haryana, India",,https://www.linkedin.com/jobs/view/engineering-associate-program-gurugram-at-droom-technology-1792260893?refId=f479b2fe-b31d-4cad-b281-a184bebb63f7&position=25&pageNum=0&trk=public_jobs_job-result-card_result-card_full-click
Officer Information Technology,SRL Diagnostics,"New Delhi, Delhi, India",,https://www.linkedin.com/jobs/view/officer-information-technology-at-srl-diagnostics-1766150740?refId=1b3a75ad-7ba3-4bf8-bb5c-45f2f775fb86&position=1&pageNum=1&trk=public_jobs_job-result-card_result-card_full-click
Product Engineer I,Cadence Design Systems,"New Delhi, Delhi, India",,https://www.linkedin.com/jobs/view/product-engineer-i-at-cadence-design-systems-1712830964?refId=1b3a75ad-7ba3-4bf8-bb5c-45f2f775fb86&position=2&pageNum=1&trk=public_jobs_job-result-card_result-card_full-click
Application Engineer,LONGi Solar,"Delhi, India",,https://www.linkedin.com/jobs/view/application-engineer-at-longi-solar-1802872585?refId=1b3a75ad-7ba3-4bf8-bb5c-45f2f775fb86&position=3&pageNum=1&trk=public_jobs_job-result-card_result-card_full-click
Field Service Engineer,Waters Corporation,"New Delhi, Delhi, India",,https://www.linkedin.com/jobs/view/field-service-engineer-at-waters-corporation-1713944110?refId=1b3a75ad-7ba3-4bf8-bb5c-45f2f775fb86&position=4&pageNum=1&trk=public_jobs_job-result-card_result-card_full-click
Engineering Associate Program - Gurugram,Droom Technology,"Gurgaon, Haryana, India",,https://www.linkedin.com/jobs/view/engineering-associate-program-gurugram-at-droom-technology-1792260893?refId=1b3a75ad-7ba3-4bf8-bb5c-45f2f775fb86&position=5&pageNum=1&trk=public_jobs_job-result-card_result-card_full-click
Specialist Engineer,Siemens Technology India,"Gurgaon, Haryana, India",,https://www.linkedin.com/jobs/view/specialist-engineer-at-siemens-technology-india-1811819243?refId=1b3a75ad-7ba3-4bf8-bb5c-45f2f775fb86&position=6&pageNum=1&trk=public_jobs_job-result-card_result-card_full-click
Consultant,Genpact,"Noida, Uttar Pradesh, India",,https://www.linkedin.com/jobs/view/consultant-at-genpact-1757808981?refId=1b3a75ad-7ba3-4bf8-bb5c-45f2f775fb86&position=7&pageNum=1&trk=public_jobs_job-result-card_result-card_full-click
Junior Engineer,Job Swift,"Gurgaon, Haryana, India",,https://www.linkedin.com/jobs/view/junior-engineer-at-job-swift-1775682282?refId=1b3a75ad-7ba3-4bf8-bb5c-45f2f775fb86&position=8&pageNum=1&trk=public_jobs_job-result-card_result-card_full-click
(IITians)Head of Engineering/CTO Fintech Start-up,Mensch Value,"Gurgaon, Haryana, India",,https://www.linkedin.com/jobs/view/iitians-head-of-engineering-cto-fintech-start-up-at-mensch-value-1770398038?refId=1b3a75ad-7ba3-4bf8-bb5c-45f2f775fb86&position=9&pageNum=1&trk=public_jobs_job-result-card_result-card_full-click
Associate Consultant II,Secureworks,"New Delhi, Delhi, India",,https://www.linkedin.com/jobs/view/associate-consultant-ii-at-secureworks-1783404434?refId=1b3a75ad-7ba3-4bf8-bb5c-45f2f775fb86&position=10&pageNum=1&trk=public_jobs_job-result-card_result-card_full-click
Product Engineer,Mentor Graphics,"Noida, Uttar Pradesh, India",,https://www.linkedin.com/jobs/view/product-engineer-at-mentor-graphics-1804785655?refId=1b3a75ad-7ba3-4bf8-bb5c-45f2f775fb86&position=11&pageNum=1&trk=public_jobs_job-result-card_result-card_full-click
Process Design Engineer/ Sr. Process Design Engineer,SRF Limited,"Gurgaon, Haryana, India",,https://www.linkedin.com/jobs/view/process-design-engineer-sr-process-design-engineer-at-srf-limited-1791300509?refId=1b3a75ad-7ba3-4bf8-bb5c-45f2f775fb86&position=12&pageNum=1&trk=public_jobs_job-result-card_result-card_full-click
Design Engineer,Unimax,"New Delhi, Delhi, India",,https://www.linkedin.com/jobs/view/design-engineer-at-unimax-1782232030?refId=1b3a75ad-7ba3-4bf8-bb5c-45f2f775fb86&position=13&pageNum=1&trk=public_jobs_job-result-card_result-card_full-click
Mechanical Engineer,Star Internatinal,"New Delhi, Delhi, India",,https://www.linkedin.com/jobs/view/mechanical-engineer-at-star-internatinal-1789518638?refId=1b3a75ad-7ba3-4bf8-bb5c-45f2f775fb86&position=14&pageNum=1&trk=public_jobs_job-result-card_result-card_full-click
Design Engineer - Assembly Engineering,Maruti Suzuki India Limited,"Gurgaon, Haryana, India",,https://www.linkedin.com/jobs/view/design-engineer-assembly-engineering-at-maruti-suzuki-india-limited-1632983753?refId=1b3a75ad-7ba3-4bf8-bb5c-45f2f775fb86&position=15&pageNum=1&trk=public_jobs_job-result-card_result-card_full-click
Service Engineer,Johnson Controls,"Gurgaon, Haryana, India",,https://www.linkedin.com/jobs/view/service-engineer-at-johnson-controls-1767042140?refId=1b3a75ad-7ba3-4bf8-bb5c-45f2f775fb86&position=16&pageNum=1&trk=public_jobs_job-result-card_result-card_full-click
Quality Engineer,Remiel Softech,"Gurgaon, Haryana, India",,https://www.linkedin.com/jobs/view/quality-engineer-at-remiel-softech-1760386387?refId=1b3a75ad-7ba3-4bf8-bb5c-45f2f775fb86&position=17&pageNum=1&trk=public_jobs_job-result-card_result-card_full-click
Research Engineer,ROBOSAPIENS TECHNOLOGIES Pvt. Ltd.,"New Delhi, Delhi, India",,https://www.linkedin.com/jobs/view/research-engineer-at-robosapiens-technologies-pvt-ltd-1708230563?refId=1b3a75ad-7ba3-4bf8-bb5c-45f2f775fb86&position=18&pageNum=1&trk=public_jobs_job-result-card_result-card_full-click
Quality Engineer,The Economist,"Gurgaon, Haryana, India",,https://www.linkedin.com/jobs/view/quality-engineer-at-the-economist-1788368451?refId=1b3a75ad-7ba3-4bf8-bb5c-45f2f775fb86&position=19&pageNum=1&trk=public_jobs_job-result-card_result-card_full-click
Project Executive,AESA Air Engineering,"New Delhi, Delhi, India",,https://www.linkedin.com/jobs/view/project-executive-at-aesa-air-engineering-1812648967?refId=1b3a75ad-7ba3-4bf8-bb5c-45f2f775fb86&position=20&pageNum=1&trk=public_jobs_job-result-card_result-card_full-click
Technical Support Engineer,Jetking Infotrain Limited,"Noida, Uttar Pradesh, India",,https://www.linkedin.com/jobs/view/technical-support-engineer-at-jetking-infotrain-limited-1812096709?refId=1b3a75ad-7ba3-4bf8-bb5c-45f2f775fb86&position=21&pageNum=1&trk=public_jobs_job-result-card_result-card_full-click
Field Service Engineer,MGI,"New Delhi, Delhi, India",,https://www.linkedin.com/jobs/view/field-service-engineer-at-mgi-1769790458?refId=1b3a75ad-7ba3-4bf8-bb5c-45f2f775fb86&position=22&pageNum=1&trk=public_jobs_job-result-card_result-card_full-click
Mechanical Engineer only fresher candidates,Sun Glow Inc.,"New Delhi, Delhi, India",,https://www.linkedin.com/jobs/view/mechanical-engineer-only-fresher-candidates-at-sun-glow-inc-1739720132?refId=1b3a75ad-7ba3-4bf8-bb5c-45f2f775fb86&position=23&pageNum=1&trk=public_jobs_job-result-card_result-card_full-click
Quality Assurance Engineer,MakeMyTrip,"Gurgaon, Haryana, India",,https://www.linkedin.com/jobs/view/quality-assurance-engineer-at-makemytrip-1357520004?refId=1b3a75ad-7ba3-4bf8-bb5c-45f2f775fb86&position=24&pageNum=1&trk=public_jobs_job-result-card_result-card_full-click
Project Engineer,LS HIREMAN CONSULTING PVT. LTD.,"Gurgaon, Haryana, India",,https://www.linkedin.com/jobs/view/project-engineer-at-ls-hireman-consulting-pvt-ltd-1812090236?refId=1b3a75ad-7ba3-4bf8-bb5c-45f2f775fb86&position=25&pageNum=1&trk=public_jobs_job-result-card_result-card_full-click
"Automobile Engineer,Design Engineer,Mechanical Engineer",SONU CONSULTANT,"New Delhi, Delhi, India",,https://www.linkedin.com/jobs/view/automobile-engineer-design-engineer-mechanical-engineer-at-sonu-consultant-1651653035?refId=bbfdb2e5-c1e0-4981-bee1-be71556b306d&position=1&pageNum=2&trk=public_jobs_job-result-card_result-card_full-click
Senior Engineer,Ericsson,"New Delhi, Delhi, India",,https://www.linkedin.com/jobs/view/senior-engineer-at-ericsson-1807186840?refId=bbfdb2e5-c1e0-4981-bee1-be71556b306d&position=2&pageNum=2&trk=public_jobs_job-result-card_result-card_full-click
Engineer Sr Engineer Sales,Sri Ganapathy Enterprises - India,"New Delhi, Delhi, India",,https://www.linkedin.com/jobs/view/engineer-sr-engineer-sales-at-sri-ganapathy-enterprises-india-1812067689?refId=bbfdb2e5-c1e0-4981-bee1-be71556b306d&position=3&pageNum=2&trk=public_jobs_job-result-card_result-card_full-click
VV Engineer,Miljørens,"New Delhi, Delhi, India",,https://www.linkedin.com/jobs/view/vv-engineer-at-milj%C3%B8rens-1812208692?refId=bbfdb2e5-c1e0-4981-bee1-be71556b306d&position=4&pageNum=2&trk=public_jobs_job-result-card_result-card_full-click
Electrical Engineer,Leading Company,"New Delhi, Delhi, India",,https://www.linkedin.com/jobs/view/electrical-engineer-at-leading-company-1792045787?refId=bbfdb2e5-c1e0-4981-bee1-be71556b306d&position=5&pageNum=2&trk=public_jobs_job-result-card_result-card_full-click
Electrical Engineer,Subhash,"New Delhi, Delhi, India",,https://www.linkedin.com/jobs/view/electrical-engineer-at-subhash-1812660747?refId=bbfdb2e5-c1e0-4981-bee1-be71556b306d&position=6&pageNum=2&trk=public_jobs_job-result-card_result-card_full-click
DESIGN ENGINEER (MECHANICAL),A Leading Consulting,"New Delhi, Delhi, India",,https://www.linkedin.com/jobs/view/design-engineer-mechanical-at-a-leading-consulting-1796921913?refId=bbfdb2e5-c1e0-4981-bee1-be71556b306d&position=7&pageNum=2&trk=public_jobs_job-result-card_result-card_full-click
"Automation Test Engineer - $30,000/year USD - JobID #3368",Crossover for Work,"New Delhi, Delhi, India",,https://www.linkedin.com/jobs/view/automation-test-engineer-%2430-000-year-usd-jobid-%233368-at-crossover-for-work-1792888351?refId=bbfdb2e5-c1e0-4981-bee1-be71556b306d&position=8&pageNum=2&trk=public_jobs_job-result-card_result-card_full-click
Software Design Engineer,IRMA Anand,"New Delhi, Delhi, India",,https://www.linkedin.com/jobs/view/software-design-engineer-at-irma-anand-1812201582?refId=bbfdb2e5-c1e0-4981-bee1-be71556b306d&position=9&pageNum=2&trk=public_jobs_job-result-card_result-card_full-click
Mechanical Engineer,Jet point Placement,"New Delhi, Delhi, India",,https://www.linkedin.com/jobs/view/mechanical-engineer-at-jet-point-placement-1792091137?refId=bbfdb2e5-c1e0-4981-bee1-be71556b306d&position=10&pageNum=2&trk=public_jobs_job-result-card_result-card_full-click
Lead Engineer,Moglix,"New Delhi, Delhi, India",,https://www.linkedin.com/jobs/view/lead-engineer-at-moglix-1782157723?refId=bbfdb2e5-c1e0-4981-bee1-be71556b306d&position=11&pageNum=2&trk=public_jobs_job-result-card_result-card_full-click
Instrumentation Engineer,VISHVA ASSOCIATES,"New Delhi, Delhi, India",,https://www.linkedin.com/jobs/view/instrumentation-engineer-at-vishva-associates-1765827800?refId=bbfdb2e5-c1e0-4981-bee1-be71556b306d&position=12&pageNum=2&trk=public_jobs_job-result-card_result-card_full-click
hiring Graduate engineer,CyberQ Consulting,"New Delhi, Delhi, India",,https://www.linkedin.com/jobs/view/hiring-graduate-engineer-at-cyberq-consulting-1812046153?refId=bbfdb2e5-c1e0-4981-bee1-be71556b306d&position=13&pageNum=2&trk=public_jobs_job-result-card_result-card_full-click
Principal Engineer,Irdeto,"New Delhi, Delhi, India",,https://www.linkedin.com/jobs/view/principal-engineer-at-irdeto-1788370416?refId=bbfdb2e5-c1e0-4981-bee1-be71556b306d&position=14&pageNum=2&trk=public_jobs_job-result-card_result-card_full-click
Sales And Marketing Specialist,Paharpur Cooling Towers,"New Delhi, Delhi, India",,https://www.linkedin.com/jobs/view/sales-and-marketing-specialist-at-paharpur-cooling-towers-1652646625?refId=bbfdb2e5-c1e0-4981-bee1-be71556b306d&position=15&pageNum=2&trk=public_jobs_job-result-card_result-card_full-click
Facilities Engineer,JLL,"New Delhi, Delhi, India",,https://www.linkedin.com/jobs/view/facilities-engineer-at-jll-1788377709?refId=bbfdb2e5-c1e0-4981-bee1-be71556b306d&position=16&pageNum=2&trk=public_jobs_job-result-card_result-card_full-click
Design Engineer,Aryantech India Pvt Ltd,"New Delhi, Delhi, India",,https://www.linkedin.com/jobs/view/design-engineer-at-aryantech-india-pvt-ltd-1748595556?refId=bbfdb2e5-c1e0-4981-bee1-be71556b306d&position=17&pageNum=2&trk=public_jobs_job-result-card_result-card_full-click
Junior Mechanical Engineer,Job Swift,"New Delhi, Delhi, India",,https://www.linkedin.com/jobs/view/junior-mechanical-engineer-at-job-swift-1800638900?refId=bbfdb2e5-c1e0-4981-bee1-be71556b306d&position=18&pageNum=2&trk=public_jobs_job-result-card_result-card_full-click
Senior Engineer / Engineer Operations,SGTC India,"New Delhi, Delhi, India",,https://www.linkedin.com/jobs/view/senior-engineer-engineer-operations-at-sgtc-india-1792050372?refId=bbfdb2e5-c1e0-4981-bee1-be71556b306d&position=19&pageNum=2&trk=public_jobs_job-result-card_result-card_full-click
Mechanical Engineer,HR IT Solution,"New Delhi, Delhi, India",,https://www.linkedin.com/jobs/view/mechanical-engineer-at-hr-it-solution-1775660199?refId=bbfdb2e5-c1e0-4981-bee1-be71556b306d&position=20&pageNum=2&trk=public_jobs_job-result-card_result-card_full-click
Mechanical Engineer,Jayjadav consulting services,"New Delhi, Delhi, India",,https://www.linkedin.com/jobs/view/mechanical-engineer-at-jayjadav-consulting-services-1756595775?refId=bbfdb2e5-c1e0-4981-bee1-be71556b306d&position=21&pageNum=2&trk=public_jobs_job-result-card_result-card_full-click
Electrical Engineer,Tech I.T. Group,"New Delhi, Delhi, India",,https://www.linkedin.com/jobs/view/electrical-engineer-at-tech-i-t-group-1743940502?refId=bbfdb2e5-c1e0-4981-bee1-be71556b306d&position=22&pageNum=2&trk=public_jobs_job-result-card_result-card_full-click
Electronic Engineer.,Sahyog Jobs Consultancy,"New Delhi, Delhi, India",,https://www.linkedin.com/jobs/view/electronic-engineer-at-sahyog-jobs-consultancy-1760443450?refId=bbfdb2e5-c1e0-4981-bee1-be71556b306d&position=23&pageNum=2&trk=public_jobs_job-result-card_result-card_full-click
Engineer / Sr. Engineer Quality,Dare Deviles Services Pvt Ltd,"New Delhi, Delhi, India",,https://www.linkedin.com/jobs/view/engineer-sr-engineer-quality-at-dare-deviles-services-pvt-ltd-1687536681?refId=bbfdb2e5-c1e0-4981-bee1-be71556b306d&position=24&pageNum=2&trk=public_jobs_job-result-card_result-card_full-click
Architect Engineer,Venus Solutions Point,"New Delhi, Delhi, India",,https://www.linkedin.com/jobs/view/architect-engineer-at-venus-solutions-point-1812734910?refId=bbfdb2e5-c1e0-4981-bee1-be71556b306d&position=25&pageNum=2&trk=public_jobs_job-result-card_result-card_full-click
Petroleum Engineer,Subhash,"New Delhi, Delhi, India",,https://www.linkedin.com/jobs/view/petroleum-engineer-at-subhash-1812661682?refId=b2939696-f203-4fc9-8d15-24b07a788dce&position=1&pageNum=3&trk=public_jobs_job-result-card_result-card_full-click
Design Engineer - Assembly Engineering,Maruti Suzuki India Limited,"Gurgaon, Haryana, India",,https://www.linkedin.com/jobs/view/design-engineer-assembly-engineering-at-maruti-suzuki-india-limited-1632983753?refId=b2939696-f203-4fc9-8d15-24b07a788dce&position=2&pageNum=3&trk=public_jobs_job-result-card_result-card_full-click
Technical Support Engineer,Support Star Corporate Services Pvt Ltd,"Gurgaon, Haryana, India",,https://www.linkedin.com/jobs/view/technical-support-engineer-at-support-star-corporate-services-pvt-ltd-1753793893?refId=b2939696-f203-4fc9-8d15-24b07a788dce&position=3&pageNum=3&trk=public_jobs_job-result-card_result-card_full-click
Site Engineer,Foursis Technical Solutions,"New Delhi, Delhi, India",,https://www.linkedin.com/jobs/view/site-engineer-at-foursis-technical-solutions-1796654273?refId=b2939696-f203-4fc9-8d15-24b07a788dce&position=4&pageNum=3&trk=public_jobs_job-result-card_result-card_full-click
Service Engineer For Gurgaon,Toshiba India Pvt. Ltd.,"Gurgaon, Haryana, India",,https://www.linkedin.com/jobs/view/service-engineer-for-gurgaon-at-toshiba-india-pvt-ltd-1772415902?refId=b2939696-f203-4fc9-8d15-24b07a788dce&position=5&pageNum=3&trk=public_jobs_job-result-card_result-card_full-click
Field Service Engineer,Agilent Technologies,"New Delhi, Delhi, India",,https://www.linkedin.com/jobs/view/field-service-engineer-at-agilent-technologies-1793894643?refId=b2939696-f203-4fc9-8d15-24b07a788dce&position=6&pageNum=3&trk=public_jobs_job-result-card_result-card_full-click
Engineer I/II,Aristocrat,"Gurgaon, Haryana, India",,https://www.linkedin.com/jobs/view/engineer-i-ii-at-aristocrat-1737929444?refId=b2939696-f203-4fc9-8d15-24b07a788dce&position=7&pageNum=3&trk=public_jobs_job-result-card_result-card_full-click
Mechanical Design Engineer,Micro Hydro Technic Private Limited,"New Delhi, Delhi, India",,https://www.linkedin.com/jobs/view/mechanical-design-engineer-at-micro-hydro-technic-private-limited-1775444314?refId=b2939696-f203-4fc9-8d15-24b07a788dce&position=8&pageNum=3&trk=public_jobs_job-result-card_result-card_full-click
Field Service Engineer -Delhi,MTS Systems Corporation,"New Delhi, Delhi, India",,https://www.linkedin.com/jobs/view/field-service-engineer-delhi-at-mts-systems-corporation-1722109695?refId=b2939696-f203-4fc9-8d15-24b07a788dce&position=9&pageNum=3&trk=public_jobs_job-result-card_result-card_full-click
Product Engineer I,Cadence Design Systems,"New Delhi, Delhi, India",,https://www.linkedin.com/jobs/view/product-engineer-i-at-cadence-design-systems-1712830964?refId=b2939696-f203-4fc9-8d15-24b07a788dce&position=10&pageNum=3&trk=public_jobs_job-result-card_result-card_full-click
Program Lead,Vedantu,"New Delhi, Delhi, India",,https://www.linkedin.com/jobs/view/program-lead-at-vedantu-1656979057?refId=b2939696-f203-4fc9-8d15-24b07a788dce&position=11&pageNum=3&trk=public_jobs_job-result-card_result-card_full-click
Mechanical Engineer,Star Internatinal,"New Delhi, Delhi, India",,https://www.linkedin.com/jobs/view/mechanical-engineer-at-star-internatinal-1789518638?refId=b2939696-f203-4fc9-8d15-24b07a788dce&position=12&pageNum=3&trk=public_jobs_job-result-card_result-card_full-click
Support Engineer (L1),Condeco,"Gurgaon, Haryana, India",,https://www.linkedin.com/jobs/view/support-engineer-l1-at-condeco-1791945949?refId=b2939696-f203-4fc9-8d15-24b07a788dce&position=13&pageNum=3&trk=public_jobs_job-result-card_result-card_full-click
Field Technical Specialist,Hewlett Packard Enterprise,"Gurgaon, Haryana, India",,https://www.linkedin.com/jobs/view/field-technical-specialist-at-hewlett-packard-enterprise-1789660792?refId=b2939696-f203-4fc9-8d15-24b07a788dce&position=14&pageNum=3&trk=public_jobs_job-result-card_result-card_full-click
Associate - Technical Engineer,India_India,"New Delhi, Delhi, India",,https://www.linkedin.com/jobs/view/associate-technical-engineer-at-india-india-1752522168?refId=b2939696-f203-4fc9-8d15-24b07a788dce&position=15&pageNum=3&trk=public_jobs_job-result-card_result-card_full-click
Graduate Engineer Trainee,Tmi Ikiloop,"New Delhi, Delhi, India",,https://www.linkedin.com/jobs/view/graduate-engineer-trainee-at-tmi-ikiloop-1802925291?refId=b2939696-f203-4fc9-8d15-24b07a788dce&position=16&pageNum=3&trk=public_jobs_job-result-card_result-card_full-click
Technical Support Tech I,Amazon,"Noida, Uttar Pradesh, India",,https://www.linkedin.com/jobs/view/technical-support-tech-i-at-amazon-1803090106?refId=b2939696-f203-4fc9-8d15-24b07a788dce&position=17&pageNum=3&trk=public_jobs_job-result-card_result-card_full-click
Service Engineer,Miljørens,"Gurgaon, Haryana, India",,https://www.linkedin.com/jobs/view/service-engineer-at-milj%C3%B8rens-1804435863?refId=b2939696-f203-4fc9-8d15-24b07a788dce&position=18&pageNum=3&trk=public_jobs_job-result-card_result-card_full-click
Branch Manager,Fortune Financial,"New Delhi, Delhi, India",,https://www.linkedin.com/jobs/view/branch-manager-at-fortune-financial-1812656870?refId=b2939696-f203-4fc9-8d15-24b07a788dce&position=19&pageNum=3&trk=public_jobs_job-result-card_result-card_full-click
Junior Project Engineer(Civil),Prateek Group,"New Delhi, Delhi, India",,https://www.linkedin.com/jobs/view/junior-project-engineer-civil-at-prateek-group-1434031210?refId=b2939696-f203-4fc9-8d15-24b07a788dce&position=20&pageNum=3&trk=public_jobs_job-result-card_result-card_full-click
Process Engineer - I - FSR Level - P1,Saviance Technologies,"New Delhi, Delhi, India",,https://www.linkedin.com/jobs/view/process-engineer-i-fsr-level-p1-at-saviance-technologies-1800727699?refId=b2939696-f203-4fc9-8d15-24b07a788dce&position=21&pageNum=3&trk=public_jobs_job-result-card_result-card_full-click
AR ASSOCIATE/Blended ProcessDELHI/OKHLA,National Center for Cell Science,"New Delhi, Delhi, India",,https://www.linkedin.com/jobs/view/ar-associate-blended-processdelhi-okhla-at-national-center-for-cell-science-1812063122?refId=b2939696-f203-4fc9-8d15-24b07a788dce&position=22&pageNum=3&trk=public_jobs_job-result-card_result-card_full-click
Sales and Application Engineer,Henkel,"Gurgaon, Haryana, India",,https://www.linkedin.com/jobs/view/sales-and-application-engineer-at-henkel-1801606692?refId=b2939696-f203-4fc9-8d15-24b07a788dce&position=23&pageNum=3&trk=public_jobs_job-result-card_result-card_full-click
Head-Value Engineering,Welspun Group,"Delhi, India",,https://www.linkedin.com/jobs/view/head-value-engineering-at-welspun-group-1806577823?refId=b2939696-f203-4fc9-8d15-24b07a788dce&position=24&pageNum=3&trk=public_jobs_job-result-card_result-card_full-click
Product Engineering,InXero,"New Delhi, Delhi, India",,https://www.linkedin.com/jobs/view/product-engineering-at-inxero-1800726948?refId=b2939696-f203-4fc9-8d15-24b07a788dce&position=25&pageNum=3&trk=public_jobs_job-result-card_result-card_full-click
